Country,Average_Revenue_Per_Day
United Kingdom,26845.266767213114
Netherlands,4313.053636363636
EIRE,1462.6490000000001
Germany,955.5957327586207
France,889.2067567567567
