Country,Year,Total_Revenue
United Kingdom,2011,7511063.744
Netherlands,2011,275877.06000000006
EIRE,2011,254246.87000000002
Germany,2011,207135.37
France,2011,187828.54
